accessno,acqvalue,appnotes,appraisor,authorx,callno,caption,catby,catdate,classes,collection,conddate,condexam,condition,condnotes,controlno,copyno,creator,credit,curvalmax,curvalue,dataset,date,descrip,dispvalue,earlydate,edition,event,exhibitno,exhlabel1,exhlabel2,exhlabel3,exhlabel4,exhstart,flagdate,flagnotes,flagreason,gparent,homeloc,imagefile,imageno,inscomp,insdate,insphone,inspremium,insrep,insvalue,invnby,invndate,isbn,issn,language,latdeg,latedate,lccn,legal,loancond,loandue,loaninno,loanno,locfield1,locfield2,locfield3,locfield4,locfield5,locfield6,longdeg,maintcycle,maintdate,maintnote,notes,objectid,objname,objname2,objname3,objnames,oldno,otherno,parent,people,physdesc,policyno,provenance,publisher,pubnotes,pubplace,recas,recdate,recfrom,relnotes,series,seriesx,site,siteno,sitesadded,spinelbl,status,statusby,statusdate,sterms,subjects,tempauthor,tempby,tempdate,temploc,tempnotes,tempreason,tempuntil,title,titlex,tlocfield1,tlocfield2,tlocfield3,tlocfield4,tlocfield5,tlocfield6,udf1,udf10,udf11,udf12,udf13,udf14,udf15,udf16,udf17,udf18,udf19,udf2,udf20,udf21,udf22,udf3,udf4,udf5,udf6,udf7,udf8,udf9,updated,updatedby,valuedate,webinclude,webrights,ppid
E-011,0,,,,E-011,The Belhaven Eleven,,,,,,,,,,0,George Barton,,0,0,,,,,0,,,0,,,,,,,,,,,065\Default Record.JPG                                      ,2,,,,,,0.00,,,,,,0.000000,0,,,,,,0,,,,,,,0.000000,,,,,E-011,,,,,,,,,This book is light grey with a bright orange circle in the cover and a football player in a yellow outfit.,,,Winston,,,,,,,,,,,,,,,,,football,,,,,,,,The Bell Haven Eleven,,,,,,,,,,,,0,0,0.00,0.000,0.000,,,,,,,,,,,,,,2024-01-26T13:29:35,Unknown,,false,,8902AAF0-3BB0-4614-A480-265378523709
2016.014,0,,,,,,Gaylene J Chapman,2016-04-21,,,,,,,,0,,,0,0,,04/21/2016,"Franz Haberman
Ferdinand Haberman
Jerome Stumm
Haberman Family History.  White Binder with Frank Haberman on spine",,1825,,,0,,,,,,,,,,Museum,,0,,,,,,0.00,,,,,,0,2016,,,,,,0,Research area,,,,,,0,,2016-04-21,,,2016.014.001,Family History,,,,,,,"Franz Haberman
Ferdinand Haberman
Jerome Stumm",,,,,,,,,,,,,,,,,OK,Gaylene J Chapman,2016-04-21,,,,,,,,,,,,,,,,,,,,,,0,0,0,0,0,,,,,,,,,,,,,,2016-04-21T15:47:42,Unknown,,false,,DD4F1E83-B840-4678-8ADF-611005215960
2016.026,0,,,,,2016.026.001,Gaylene J Chapman,2016-06-21,,,2016-06-21,Gaylene J Chapman,Fair,corners are worn,,0,Mary Ann Grossmann Tom Thomsen,Romane Dold,0,0,,1976,"The Minnesota Almanac 1982, Geography, Vital Statistics, Business and Industry, Communications, Sports, Fishing, Hunting and Wildlife.",,1654,,,0,,,,,,,,,,Museum,011\2016026001.JPG                                          ,1,,,,,,0.00,,,,,,0,1882,,,,,,0,Research area,,,south wall,,,0,,2016-06-21,,,2016.026.001,Book,Almanac,,,,,,"Business and
Communications,
Geography,
Hunting and
Industry,
Sports, Fishing,
Vital Statistics,
Wildlife.",,,,,,,,,Romane Dold,,,,,,,,Accession,Gaylene J Chapman,2016-06-21,,,,,,,,,,,,,,,,,,,,,,0,0,0,0,0,,,,,,,,,,,,,,2016-06-21T15:32:34,Unknown,,false,,ECC83382-5923-4BD6-9592-322714324050
2016.031,0,,,,,2016.031.005,Bryanne Bose,2016-07-06,,,,,,,,0,,Maxine Gaul,0,0,,7-5-1996,"Little Miss and Mr. Iona pageant July 5th, 1996",,1996,,,0,,,,,,,,,,Museum,012\2016031005.JPG                                          ,1,,,,,,0.00,,,,,,0,1996,,,,,,0,Newspaper Room,East wall,,,,,0,,2016-07-06,,,2016.031.005,Videotape,,,,,,,,,,,,,,,,Maxine Gaul,,,,,,,,Accession,Bryanne Bose,2016-07-06,,,,,,,,,,,,,,,,,,,,,,0,0,0,0,0,,,,,,,,,,,,,,2016-07-07T15:33:19,Unknown,,false,,172B45C4-40C8-4671-820B-084101213328
2016.031,0,,,,,2016.031.006,Bryanne Bose,2016-07-06,,,,,,,,0,,Maxine Gaul,0,0,,7-6-1996,Iona Centennial Parade July 6th 1996,,1996,,,0,,,,,,,,,,Museum,012\2016031006.JPG                                          ,1,,,,,,0.00,,,,,,0,1996,,,,,,0,Newspaper Room,East wall,,,,,0,,2016-07-06,,,2016.031.006,Videotape,,,,,,,,,,,,,,,,Maxine Gaul,,,,,,,,Accession,Bryanne Bose,2016-07-06,,,,,,,,,,,,,,,,,,,,,,0,0,0,0,0,,,,,,,,,,,,,,2016-07-07T15:33:47,Unknown,,false,,A5EE25BB-26A5-494E-8610-803355659729
2016.031,0,,,,,2016.031.007,Bryanne Bose,2016-07-06,,,,,,,,0,,Maxine Gaul,0,0,,7-7-1996,"Iona centennial, quickstep and the Iona all-stars 
July 7th, 1996",,1996,,,0,,,,,,,,,,Museum,012\2016031007.JPG                                          ,1,,,,,,0.00,,,,,,0,1996,,,,,,0,Newspaper Room,East wall,,,,,0,,2016-07-06,,,2016.031.007,Videotape,,,,,,,,,,,,,,,,Maxine Gaul,,,,,,,,Accession,Bryanne Bose,2016-07-06,,,,,,,,,,,,,,,,,,,,,,0,0,0,0,0,,,,,,,,,,,,,,2016-07-08T10:06:15,Unknown,,false,,A0D3459D-2823-40F9-B8BC-932009145654
2017.129,0,,,,,2017.129.001 001,Gaylene J Chapman,2017-09-29,,,,,,,,0,Maxine Pierson Eleanor Warren Peggy Southwick,Shirley Knapp,0,0,,1987,Slayton Centennial 1887 1987,,1887,,,0,,,,,,,,,,Museum,016\2017129001.JPG                                          ,2,,,,,,0.00,,,,,,0,1987,,,,,,0,Newspaper Room,north wall,,,,,0,,2017-09-29,,,2017.129.001,Book,,,,,,,,,,,,,,Donation,2-15-2017,Shirley Knapp,,,,,,,,Accession,Gaylene J Chapman,2017-09-29,,,,,,,,,,,,,,,,,,,,,,0,0,0,0,0,,,,,,,,,,,,,,2017-09-29T16:39:08,Unknown,,false,,C70E6F39-6F11-47BD-B4D6-584849793422
2017.134,0,,,,,2017.134.001 002,Gaylene J Chapman,2017-10-06,,,,,,,,0,,Marlene Larson,0,0,,1915,Home Laundry Hints 1915,,1915,,,0,,,,,,,,,,Museum,016\2017134001-1.JPG                                        ,1,,,,,,0.00,,,,,,0,1915,,,,,,0,Newspaper Room,north wall,,Domestics,,,0,,2017-10-06,,,2017.134.001,"Book, Instruction",,,,,,,,,,,,,,Donation,05162017,Marlene Larson,,,,,,,,Accession,Gaylene J Chapman,2017-10-06,,,,,,,,,,,,,,,,,,,,,,0,0,0,0,0,,,,,,,,,,,,,,2017-10-06T11:31:25,Unknown,,false,,F33AFC2F-9425-45C9-8972-970972928960
2017.134,0,,,,,2017.134.001 001,Gaylene J Chapman,2017-10-06,,,,,,,,0,,Marlene Larson,0,0,,,The Herb Doctor or natures road to health.  Guide to the preparation of valuable botanical medicines for home use. ,,0,,,0,,,,,,,,,,Museum,016\2017134002-2.JPG                                        ,1,,,,,,0.00,,,,,,0,0,,,,,,0,Newspaper Room,,,Domestics,,,0,,2017-10-06,,,2017.134.002,"Book, Instruction",,,,,,,,,,,,,,Donation,05162017,Marlene Larson,,,,,,,,Accession,Gaylene J Chapman,2017-10-06,,,,,,,,,,,,,,,,,,,,,,0,0,0,0,0,,,,,,,,,,,,,,2017-10-06T11:32:28,Unknown,,false,,BCC43527-EEC0-4776-82C8-254909504696
2018.016,0,,,,,Front Cover,Rose Schmit,2018-09-13,Schools,Dinehart/Holt,2018-09-13,Rose Schmit,Fair,There is slight wear on the corners. The binding is very delectate and loose. Slight marks on the front and back covers.,,0,Edward T. Thorndike,,0,0,,1905,,,0,,,0,,,,,,,,,,Museum,017\2018016001.JPG                                          ,5,,,,,,0.00,,,,,English,0,0,,,,,,0,West wing,,,Library,,,0,,2018-09-13,,,2018.016.001,Book,,,,,,,"Florence Dinehart
Edward L. Thorndike
Amy Pressley",The book has a maroon cover. The writing of the spine is in a gold color. The pages are white/cream colored.,,The book was owned by Florence Dinehart whose signature appears on the first page. Donated by Amy Pressely.,The Mason-Henry Press,,"Syracuse, New York",Donation,11/21/2017,"Pressley, Amy",,,,,,,"Elements 
of
Psychology
Thorndike
A. G. Seiler",OK,Rose Schmit,2018-09-13,"Psychology
Students
Studying
Reading
Florence Dinehart
Edward L. Thorndike
Dinehart Holt House
Holt House
Dinehart House","Psychology
Students
Studying
Reading",,,,,,,,The Elements of Psychology ,,,,,,,,,,,,0,0,0,0,0,,,,,,,,,,,,,,2019-01-29T12:54:46,Unknown,,false,,DA2A1C2E-6243-4BC7-9A07-323309457280
2018.017,0,,,,759.13 Gardner,Front Cover,Rose Schmit,2018-09-13,Art,Dihnhart/Holt,2018-09-13,Rose Schmit,Good,The dust jacket is torn on the front bottom and top back.,,0,Albert Ten Eyck Gardner,,0,0,,1961,,,0,,,0,,,,,,,,,,Museum,017\2018017001.JPG                                          ,5,,,,,,0.00,,,,,English,0,0,,,,,,0,West wing,,,Library,,,0,,2018-09-13,,,2018.017.001,Book,,,,,,,"John Holt
Winslow Homer
Albert Ten Eyck Gardner","The dust jacket has a painting of two men in front of a mountain on the front cover. The words: ""Winslow Homer"" are written in red under the photo and the words: ""American Artist: His World and His Work"" is written under Winslow Homer. The dust jacket on the back cover has a painting of a ship sailing with water crashing on a rock in the forground. Under the painting on the back cover is a description of Homer's work.",,The book is from the library of John Holt. One page 109 John Holt's grandfather is the model for the painting. Donated by the First Presbyterian Church.,Bramhall House,,New York ,Donation,07/13/2017,First Presbyterian Church,,,,,,,"Wilslow 
Homer
Winslow Homer 
Albert 
Ten Eyck
Gardner
Bramhall",OK,Rose Schmit,2018-09-13,"Art
Painting
Holt
Painting
Paintings
Books
Writing
John Holt
Dinehart
Dinhart Holt House","Art
Painting
Holt
Painting
Paintings
Books
Writing",,,,,,,,"Winslow Homer
American Artist: His World and His Work",,,,,,,,,,,,0,0,0,0,0,,,,,,,,,,,,,,2019-01-29T12:55:41,Unknown,,false,,6543E28A-F89E-4B41-AF64-387709180311
2018.017,0,,,,759.13 Cooper,Front Cover,Rose Schmit,2018-09-13,Art,Dinehart/Holt,2018-09-13,Rose Schmit,Excellent,The only problem are some marks on the book under the dust jacket.,,0,Helen A. Cooper,,0,0,,1986,,,0,,,0,,,,,,,,,,Museum,017\2018017002.JPG                                          ,5,,,,,,0.00,,,0-300-03695-7,,English,0,0,,,,,,0,West wing,,,Library,,,0,,2018-09-13,,,2018.017.002,Book,,,,,,,"John Holt
Ruth Green
Helen A Cooper",The duct jacket is a print of a painting depicting boats in the water. The book under the dust jacket is navy blue. ,,"This book was a part of the John Holt Library. It was also owned by the United Presbyterian Church of Slayton. The painting on page 12 is of John Holt's grandfather. There are three other paintings that may be of Holt's grandfather as well on pages 171, 172, and 191.",Yale University Press,,New Haven & London,Donation,07/13/2017,First Presbyterian Church,,,,,,,"Winslow Homer Watercolors
Helen A. Cooper 
National Gallery of Art",OK,Rose Schmit,2018-09-13,"Art 
Winslow Homer 
Watercolors
Painting
Paintings
Libraries
John Holt
Holt House
Dinehart House
Dinehart Holt House","Art 
Winslow Homer 
Watercolors
Painting
Paintings
Libraries",,,,,,,,Winslow Homer Watercolors,,,,,,,,,,,,0,0,0,0,0,,,,,,,,,,,,,,2019-01-29T12:55:47,Unknown,,false,,639FA2C4-592B-465B-9DFA-203707804145
2019.007,0,,,Editor: Deb Mulvey,,Front,,2019-01-29,,Library,2019-01-29,Rose Schmit,Excellent,The book looks as if it has not been read.,,0,,,0,0,,,,,0,,The Great Depression,0,,,,,,,,,,Museum,019\2019007003.JPG                                          ,3,,,,,,0.00,,,0-89821-099-2,,English,0,0,,,,,,0,West wing,,,Library,,,0,,2019-01-29,,,2019.007.003,Book,,,,,,,,The book has a hardcover. The cover is a maroon color with white and yellow writing and yellow accents. One the front cover is a photo of a family sitting down and eating at a dinning room table. The back cover has a photo of a man and woman with their arms around each other walking down a sidewalk. The book is 162 pages long. ,,This book was donated by the donor's niece: Karen Onken.,"Reiman Publications, L.P.",,"Greendale, WI",Donation,06/29/2018,"Bergman, Alice",,,,,,,'We Had Everything But Money' Reminisce Books,,,,,Depressions,,,,,,,,'We Had Everything But Money',Priceless Memories of the Greet Depression... from people who tell in their own words what it was like when banks closed and hearts opened.,,,,,,,,,,,0,0,0,0,0,,,,,,,,,,,,,,2019-01-29T13:04:59,Unknown,,false,,5755DC64-4935-42FC-811E-126929324710
2024.006,0,,,,,Fulda Raiders yearbook 1967,muecke,2024-01-16,,Library,,,,,,0,,,0,0,,1967,This is a 1967 Fulda Raiders yearbook . It is red in color and black and white on the inside. This book was dontated by Annette and Gary Feilder,,1968,,,0,,,,,,,,,,museum library .,065\2024006001.JPG                                          ,2,,,,,,0,,,,,,0,1967,,,,,,0,,,,,,,0,,2024-01-16,,,2024.006.001,1967 Fulda Raiders yearbook,,,,,,,,,,,,,,,,,,,,,,,,,,,,high school,,,,,,,,,,,,,,,,,,,,0,0,0,0,0,,,,,,,,,,,,,,2024-01-16T14:04:33,Unknown,,false,,95AC060E-9B51-4CBE-9FB7-983988199147
E-489,0,,,,E-489,,muecke,2024-01-25,,Library,,,,,,0,ROOSEVELT,,0,0,,1910,This book is leather bound with a golden lion head stamp on the cover.It has 327 pages.,,0,,,0,,,,,,,,,,,065\E489.JPG                                                ,3,,,,,,0,,,,,ENGLISH,0,0,,,,,,0,,,,,,,0,,2024-01-25,,,E-489,Book,,,,,,,,,,,SCRIBNER SONS,,,,,,,,,,,,,,,,,Roosevelt was on safari in 1908 and this is his writings of that trip.,,,,,,,,African Game Trails 1,,,,,,,,,,,,0,0,0,0,0,,,,,,,,,,,,,,2024-01-25T16:43:58,Unknown,,false,,83CDA427-8F98-46BB-9251-111640501339
E-384,0,,,,E-384,Lyytons,,2024-01-25,,LIBRARY,,,,,,0,LORD LYYTON,,0,0,,1890,"This is a 472 page book with a cardboard type paper/cardboard cover ., It is brown with  carvings in deep red  and a gold flower medallion in the middle with golden accents on the spine as well.",,0,,,0,,,,,,,,,,,065\E384-2.JPG                                              ,3,,,,,,0,,,,,,0,0,,,,,,0,,,,,,,0,,2024-01-25,,,E-384,book,,,,,,,,,,,"Belford,Clarke and Co.",,,,,,,,,,,,,,,,,,,,,,,,,Bulwer Lytton's works,,,,,,,,,,,,0,0,0,0,0,,,,,,,,,,,,,,2024-01-25T16:34:13,Unknown,,false,,891AF1C7-5977-448F-84F6-221628405660
E-385,0,,,,E-385,,muecke,2024-01-25,,LIBRARY,,,,,,0,Stickney,,0,0,,1889,"This is a childs learner book from the date of 1889. It is very faded on the cover. Classics of Children, A SECOND READER is the title.",,0,,,0,,,,,,,,,,,065\E385.JPG                                                ,3,,,,,,0,,,,,english,0,0,,,,,,0,,,,,,,0,,2024-01-25,,,E-385,book,,,,,,,,"faded tan with a darker brown lettering on the front and words on the back that are mostly unreadable
",,, Ginn and Co.,,,,,,,,,,,,,,,,,"poetry,spelling, sounding out words This is a general learning aid.",,,,,,,,A Secon Reader,,,,,,,,,,,,0,0,0,0,0,,,,,,,,,,,,,,2024-01-25T16:36:00,Unknown,,false,,11A91237-0796-48F4-8967-144813179550
E-315,0,,,,E-315,washinton irving works,muecke,2024-01-25,,Library,,,,,,0,Geoffry Crayon,,0,0,,,34 short works by Washington Irving under Pseudoynm Geoffry Crayon..small stories including RIP VAN WINKLE and LEGEND OF SLEEY HOLLOW,,1819,,,0,,,,,,,,,,,065\E315.JPG                                                ,3,,,,,,0,,,,,english,0,1820,,,,,,0,,,,,,,0,,2024-01-25,,,E-315,book,,,,,,,,Dark blue cover with tan pages. Spine has golden letters,,,A.L. Burt-New York,,,,,,,,,,,,,,,,,,,,,,,,,Washington Irving Works,,,,,,,,,,,,0,0,0,0,0,,,,,,,,,,,,,,2024-01-25T16:11:06,Unknown,,false,,7FF98BE8-BE13-4658-A2AA-198521034255
E-328,0,,,,E-328,the kings Jackal,,2024-01-25,,Library,,,,,,0,Richard Harding Davis,,0,0,,1903,The Kings Jackal: ,,0,,,0,,,,,,,,,,,065\E328.JPG                                                ,2,,,,,,0,,,,,,0,0,,,,,,0,,,,,,,0,,2024-01-25,,,E-328,book,,,,,,,,"218 PAGE BOOK WITH RED BINDING,SPINE AND GOLD ACCENTS INCLUDING A STAMP ON THE FRONT ",,,SCRIBNERS,,,,,,,,,,,,,,,,,"Story of Exciling the King of Messina,written in 1903",,,,,,,,The Kings Jackal,,,,,,,,,,,,0,0,0,0,0,,,,,,,,,,,,,,2024-01-25T16:16:36,Unknown,,false,,03B44B65-F1F9-4820-87ED-668093189145
E-367,0,,,,E-367,,muecke,2024-01-25,,Library,,,,,,0,Jean Ingelow,,0,0,,circa 1923,380 pages rust colored paper cover. Titled DON JOHN,,0,,,0,,,,,,,,,,,065\E367.JPG                                                ,3,,,,,,0,,,,,,0,0,,,,,,0,,,,,,,0,,2024-01-25,,,E-367,book,,,,,,,,This is a small book with rust colored cover. It contains 380 pages.The spine has the book name and author printed in gold writing,,,"Sampson Low, Marston and Co",,,,,,,,,,,,,,,,,love story,,,,,,,,Don John,,,,,,,,,,,,0,0,0,0,0,,,,,,,,,,,,,,2024-01-25T16:23:21,Unknown,,false,,6D6F0BDF-F6FB-4025-B543-091581288480
E-428,0,,,,E-428,girl of limberlost,muecke,2024-01-25,,Library,,,,,,0,Gene Stratton Porter,,0,0,,,A Girl raised in the Limberlost Swamp  vies for her mothers love and saving of the Limberlost swamp fro over  logging and oil xtractions..Takes place in Indiana,,0,,,0,,,,,,,,,,,065\E428.JPG                                                ,2,,,,,,0,,,,,,0,0,,,,,,0,,,,,,,0,,2024-01-25,,,E-428,book,,,,,,,,This has a green cover with White lettes for the title and authors name.It also has green flowers that are faded.,,,Grosset and Dunlap,,,,,,,,,,,,,,,,,,,,,,,,,Girl of the Limberlost,,,,,,,,,,,,0,0,0,0,0,,,,,,,,,,,,,,2024-01-25T16:07:49,Unknown,,false,,3D5C66AC-4082-49E2-97D1-911433984164
E-266,0,,,,E-266,boys scout,muecke,2024-01-25,,Library,,,,,,0,Ralphson,,0,0,,circa 1950s/60s,Adventure book,,0,,,0,,,,,,,,,,,065\E266.JPG                                                ,2,,,,,,0,,,,,English,0,0,,,,,,0,,,,,,,0,,2024-01-25,,,E-266,book,,,,,,,,,,,Donahue,,,,,,,,,,,,,,,,,Boys scouts,,,,,,,,Boy Scouts on the Colombia River/Adventure in a motor boat,,,,,,,,,,,,0,0,0,0,0,,,,,,,,,,,,,,2024-01-25T16:06:43,Unknown,,false,,C1CDC546-B439-4CEC-9795-575844544941
E-378,0,,,,E-378,,muecke,2024-01-25,,Library,,,,,,0,Jorgenson,,0,0,,,"Mystery book."" An explosives code, strong enough to destroy entire enemies hidden in a red laquer case""",,0,,,0,,,,,,,,,,,065\E378.JPG                                                ,2,,,,,,0,,,,,,0,0,,,,,,0,,,,,,,0,,2024-01-25,,,E-378,book,,,,,,,,Red book binding with black print,,,HR Jorgenson,,,,,,,,,,,,,,,,,,,,,,,,,The Red Laquer Case,,,,,,,,,,,,0,0,0,0,0,,,,,,,,,,,,,,2024-01-25T16:26:47,Unknown,,false,,A4A3D2A5-9704-48AD-B434-495126901319
E-001,0,,,,E-001,standard arithmetic,muecke,2024-01-25,,library,,,,,,0,Wentworth,,0,0,,,arithmetic book-brown binder with gold writing. Pratical Arithmetic  ANSWERS,,1893,,,0,,,,,,,,,,,065\E001.JPG                                                ,4,,,,,,0,,,,,,0,1897,,,,,,0,,,,,,,0,,2024-01-25,,,E-001,book,,,,,,,,brown cardboard and leather binder. gold writing,,,Ginn and Co,,,,,,,,,,,,,,,,,math,,,,,,,,Pratical Arithmetic,,,,,,,,,,,,0,0,0,0,0,,,,,,,,,,,,,,2024-01-25T15:30:51,Unknown,,false,,7C0A0918-4222-4884-82EA-144461741510
E-487,0,,,,E-487,,muecke,2024-01-25,,Library,,,,,,0,Roosevelt,,0,0,,,This is a beautiful leather bound book int eh colors of dark brwon fading into green towards the middle.It is stamped with a gold rams head on nthe cover.,,0,,,0,,,,,,,,,,,065\E487.JPG                                                ,3,,,,,,0,,,,,,0,0,,,,,,0,,,,,,,0,,2024-01-25,,,E-487,book,,,,,,,,"dark green and brown,410 pages",,,Scribners,,,,,,,,,,,,,,,,,hunting and outdoor life,,,,,,,,Outdoor Pastimes of an American Hunter,,,,,,,,,,,,0,0,0,0,0,,,,,,,,,,,,,,2024-01-25T16:41:16,Unknown,,false,,4A5632C3-131F-4899-A156-763215443153
E-002,0,,,,E-002,FirST READER,muecke,2024-01-25,,Library,,,,,,0,"Ivison,Blakeman,taylor and co",,0,0,,1883,Swintons Primer First Reader kids learning book,,0,,,0,,,,,,,,,,,065\E002-1.JPG                                              ,4,,,,,,0,,,,,,0,0,,,,,,0,,,,,,,0,,2024-01-25,,,E-002,book,,,,,,,,"poor quality,torn brittle pages,faded print on cover, ,red color ,black print",,,American book Co,,,,,,,,,,,,,,,,,"school items,reading,spelling,math",,,,,,,,Swintons Reader,,,,,,,,,,,,0,0,0,0,0,,,,,,,,,,,,,,2024-01-25T15:37:45,Unknown,,false,,2762C1AB-F6CC-427D-9744-663000091801
E-003,0,,,,E_003,,muecke,2024-01-25,,Library,,,,,,0,Milne,,0,0,,,This is a tan/brown covered book with arithmetic problems with answers,,1892,,,0,,,,,,,,,,,065\E003-5.JPG                                              ,3,,,,,,0,,,,,english,0,1911,,,,,,0,,,,,,,0,,2024-01-25,,,E-003,book,,,,,,,,brown book with darker writing on the cover and spine thst are faded.,,,American Book Co,,,,,,,,,,,,,,,,,math,,,,,,,,Standard Arithmetic,,,,,,,,,,,,0,0,0,0,0,,,,,,,,,,,,,,2024-01-25T15:48:35,Unknown,,false,,F7E2CA00-D9D8-4E9E-8EAE-324736711237
E-380,0,,,,E-380,Jack London,muecke,2024-01-25,,Library,,,,,,0,Joan London,,0,0,,1939,Jack London story of his life. 1939. Book League of America,,0,,,0,,,,,,,,,,,065\E380.JPG                                                ,2,,,,,,0,,,,,,0,0,,,,,,0,,,,,,,0,,2024-01-25,,,E-380,book,,,,,,,,"Tan book with Brown writing.There is a dog sledder canoer,gold miner  and sailboat on the spine",,,Book League of America,,,,,,,,,,,,,,,,,Jack London,,,,,,,,Jack London and his times.,,,,,,,,,,,,0,0,0,0,0,,,,,,,,,,,,,,2024-01-25T16:28:24,Unknown,,false,,98373370-701E-4788-81B5-851653011976
E-003,0,,,,E-004,,muecke,2024-01-25,,library,,,,,,0,William Swinton,,0,0,,1879,School ETYMOLOGY of English words,,0,,,0,,,,,,,,,,,065\E004-3.JPG                                              ,2,,,,,,0,,,,,english,0,0,,,,,,0,,,,,,,0,,2024-01-25,,,E-004,book,,,,,,,,"Dark brown 6x4 inch book with raised words on the cover done inblack with floral designs and 
lines",,,Swinton,,,,,,,,,,,,,,,,,"word analysis,English vocabulary",,,,,,,,New Word Analysis,,,,,,,,,,,,0,0,0,0,0,,,,,,,,,,,,,,2024-01-25T15:54:04,Unknown,,false,,30F64E74-B6D6-4927-A07E-081244278495
E-005,0,,,,E-005,,muecke,2024-01-25,,Library,,,,,,0,A.S.Barnes and Co.,,0,0,,,"Physiology for young people ..Health,care and body cleanliness, what to eat to stay healthy. Provenance: THIS BOOK BELONGED TO ERIK O. ERICKSON SLAYTON MN.  District 73 Lunder School. One the schools earliest students.",,1884,,,0,,,,,,,,,,,065\E005.JPG                                                ,4,,,,,,0,,,,,,0,1888,,,,,,0,,,,,,,0,,2024-01-25,,,E-005,book,,,,,,,,FADED RED COVER WITH VERY DECORATED COVER BUT HARD TO SEE.,,,American Book Co.,,,,,,,,,,,,,,,,,health care of young people,,,,,,,,Physioloy for Young People  study book,,,,,,,,,,,,0,0,0,0,0,,,,,,,,,,,,,,2024-01-25T15:57:32,Unknown,,false,,49828472-3EDD-4DFC-9783-168336494983
E-410,0,,,,E-410,,,2024-01-25,,Library,,,,,,0,Elizabeth Prentiss,,0,0,,orig. 1869,1800s gal finding her way through life and finding God and her faith.,,0,,,0,,,,,,,,,,,065\E410.JPG                                                ,2,,,,,,0,,,,,,0,0,,,,,,0,,,,,,,0,,2024-01-25,,,E-410,book,,,,,,,,"Tan book, Black letters also has an Indian type decoration on the front with magic lamp and ribbons in red and black. 363 pages",,,Grosset and Dunlap,,,,,,,,,,,,,,,,,,,,,,,,,Stepping Heavenward,,,,,,,,,,,,0,0,0,0,0,,,,,,,,,,,,,,2024-01-25T16:38:45,Unknown,,false,,0FEC8499-6BB3-4F70-AF78-312652467632
E-396,0,,,,E-396,,,2024-01-25,,Library,,,,,,0,George Meredith,,0,0,,,Story of a love lorn man who tries to get 2 womans attention. and cannot make up his mind between the 2.  REVISED EDITION,,0,,,0,,,,,,,,,,,065\E396.JPG                                                ,3,,,,,,0,,,,,,0,0,,,,,,0,,,,,,,0,,2024-01-25,,,E-396,book,,,,,,,,Blue/black cover with silver floral on the spine,,,Book League of America,,,,,,,,,,,,,,,,,Comedy in Narrative,,,,,,,,The Egoist,,,,,,,,,,,,0,0,0,0,0,,,,,,,,,,,,,,2024-01-25T16:37:59,Unknown,,false,,DCD971D1-B5AF-40B5-9B82-779185741733
E-413,0,,,,E-413,,,2024-01-25,,Library,,,,,,0,Thomas Raddall,,0,0,,1960,American Revolutionary political story.  ,,0,,,0,,,,,,,,,,,065\E413.JPG                                                ,3,,,,,,0,,,,,,0,0,,,,,,0,,,,,,,0,,2024-01-25,,,E-413,book,,,,,,,,Tan binder withdark blue writing on the spine,,,Doubleday,,,,,,,,,,,,,,,,,political during the late 1770s New Hampshire,,,,,,,,The Governors Lady,,,,,,,,,,,,0,0,0,0,0,,,,,,,,,,,,,,2024-01-25T16:39:57,Unknown,,false,,DC9CEC40-20F7-4126-85B6-325194962340
E-006,0,,,,E-006,Our Civic Life,muecke,2024-01-25,,library,,,,,,0,"Emil Faith, Richard Browne PHD",,0,0,,1946,,,0,,,0,,,,,,,,,,,065\E006.JPG                                                ,2,,,,,,0,,,,,,0,0,,,,,,0,,,,,,,0,,2024-01-25,,,E-006,book,,,,,,,,This is a red book   book with a gold picture on the front of the marine IWO JIMA  and capital building statues. On the back cover it is a gold  insignia with initials MB and Co.,,,Mentzer Bush and co.,,,,,,,,,,,,,,,,,Freedoms we cherish,,,,,,,,Our Civic Life and Progress,,,,,,,,,,,,0,0,0,0,0,,,,,,,,,,,,,,2024-01-25T15:59:18,Unknown,,false,,1D83BFFE-9F71-4285-B404-250536993781
E-383,0,,,,E-383,,,2024-01-25,,Library,,,,,,0,Lyall,,0,0,,,,,0,,,0,,,,,,,,,,,065\E383.JPG                                                ,2,,,,,,0,,,,,,0,0,,,,,,0,,,,,,,0,,2024-01-25,,,E-383,book,,,,,,,,Grey colored book with red writing for the title and a heart shape picture/world,,,Donahue,,,,,,,,,,,,,,,,,,,,,,,,,Won by Waiting,,,,,,,,,,,,0,0,0,0,0,,,,,,,,,,,,,,2024-01-25T16:30:05,Unknown,,false,,B2330028-DBE9-49FA-83B9-448791156690
E-527,0,,,,E-527,,,2024-01-25,,,,,,,,0,GS Weaver DD.,,0,0,,1883,Stories of the lives of presidents at the time of publishing,,0,,,0,,,,,,,,,,,065\E527.JPG                                                ,3,,,,,,0,,,,,,0,0,,,,,,0,,,,,,,0,,2024-01-25,,,E-527,book,,,,,,,,Tan cover with black decor and fancymLabel form title win gold type Also is Illustrated,,,The Elder Co.,,,,,,,,,,,,,,,,,lives and graves of past presidents,,,,,,,,Lives and Graves of  our Presidents,,,,,,,,,,,,0,0,0,0,0,,,,,,,,,,,,,,2024-01-25T16:45:47,Unknown,,false,,4A4C94FB-8448-4372-AA69-735353055500
E-007,0,,,,E-007,,,2024-01-25,,,,,,,,0,Rueban Halleck MA LL.D,,0,0,,1911,,,0,,,0,,,,,,,,,,,065\E007.JPG                                                ,2,,,,,,0,,,,,,0,0,,,,,,0,,,,,,,0,,2024-01-25,,,E-007,book,,,,,,,,This is a faded black binder with an  embossed picture on thje cover and gold print on the spine with a pegasus stamp,,,American Book Co.,,,,,,,,,,,,,,,,,writers stories,,,,,,,,History of the American Literature,,,,,,,,,,,,0,0,0,0,0,,,,,,,,,,,,,,2024-01-25T16:00:55,Unknown,,false,,513F16A8-DB8A-46A1-B046-062948632265
E-370,0,,,"


Novelised from play by David Belasco",E-370,The music master,muecke,2024-01-25,,,,,,,,0,Charles Klein,,0,0,,1909,,,0,,,0,,,,,,,,,,,065\E370.JPG                                                ,1,,,,,,0,,,,,english,0,0,,,,,,0,,,,,,,0,,2024-01-25,,,E-370,book,,,,,,,,"341 pages in this book. It has a colored book with a violin in the cover in golds and green hues, white and black lettering",,,Grosset and Dunlap,,,,,,,,,,,,,,,,,,,,,,,,, The Music Master,,,,,,,,,,,,0,0,0,0,0,,,,,,,,,,,,,,2024-01-25T16:25:44,Unknown,,false,,6367FADA-AE58-4521-B6A3-563106005549
E-366,0,,,Illustrated,E-366,great speeches,muecke,2024-01-25,,,,,,,,0,Col. R.G. Ingersoll,,0,0,,1898,,,0,,,0,,,,,,,,,,,065\E366.JPG                                                ,2,,,,,,0,,,,,,0,0,,,,,,0,,,,,,,0,,2024-01-25,,,E-366,book,,,,,,,,Black or faded dark blue with fancy silver writing and floral decor the front cover.and spine.,,,Rhodes and McClure publishing,,,,,,,,,,,,,,,,,how to give great speeches,,,,,,,,Great Speeches,,,,,,,,,,,,0,0,0,0,0,,,,,,,,,,,,,,2024-01-25T16:21:23,Unknown,,false,,9026CB5F-4980-42F1-B7EA-477497131955
E-365,0,,,Illustration by Henry Hutt,E-365,mississippi bubble,muecke,2024-01-25,,,,,,,,0,Emerson Hough,,0,0,,1902,This item originally was olive green with gold lettering but has faded over time. 425 pages,,0,,,0,,,,,,,,,,,065\E365.JPG                                                ,2,,,,,,0,,,,,,0,0,,,,,,0,,,,,,,0,,2024-01-25,,,E-365,book,,,,,,,,Grey book with Silver decor and swirls on the front cover and a Fler De Lieu on the front,,,Bowen -Merrill,,,,,,,,,,,,,,,,,,,,,,,,,The Mississippi Bubble,,,,,,,,,,,,0,0,0,0,0,,,,,,,,,,,,,,2024-01-25T16:19:54,Unknown,,false,,5B0FC925-AE1D-48EB-8204-206164940290
E-317,0,,,,E-317,,,2024-01-25,,,,,,,,0,D.H.Lawrence,,0,0,,,,,0,,,0,,,,,,,,,,,065\E317.JPG                                                ,2,,,,,,0,,,,,english,0,0,,,,,,0,,,,,,,0,,2024-01-25,,,E-317,book,,,,,,,,Black book binder withfaded red lettering on the spine..335 pages,,,World Publishing Co.,,"Forum Books, Cleveland New York",,,,,,,,,,,,,,,short stories,,,,,,,,The Virgin and the Gipsy,,,,,,,,,,,,0,0,0,0,0,,,,,,,,,,,,,,2024-01-25T16:12:39,Unknown,,false,,3979C5E1-5205-475D-B26E-505303388827
E-008,0,,,,E-008,,,2024-01-25,,,,,,,,0,Eva March Tappan,,0,0,,,Poetry ,,0,,,0,,,,,,,,,,,065\E008.JPG                                                ,3,,,,,,0,,,,,,0,0,,,,,,0,,,,,,,0,,2024-01-25,,,E-008,book,,,,,,,,faded brown cover with plain block letter for the title andblack ink.. It is faded on the top[ cover as it looks darker brown on the spine and back,,,Houghton Mifflin Co.,,,,,,,,,,,,,,,,,poems and old fashioned  stories,,,,,,,,The Childrens Hour 9,,,,,,,,,,,,0,0,0,0,0,,,,,,,,,,,,,,2024-01-25T16:02:36,Unknown,,false,,2ECBA22F-9FD0-48EE-B411-242962353247
E-009,0,,,,E-009,Iroquois math book,,2024-01-25,,,,,,,,0,Degroat Firman Smith,,0,0,,,Iroquois math book,,0,,,0,,,,,,,,,,,065\E009.JPG                                                ,2,,,,,,0,,,,,english,0,0,,,,,,0,,,,,,,0,,2024-01-25,,,E-009,book,,,,,,,,This is a green book with dark green writing on it for the title and information aslo showcases a Native American with Headress 318 pages,,,Iroquois Publishing Co.,,,,,,,,,,,,,,,,,math,,,,,,,,Iroquois Arithmetics Book 1,,,,,,,,,,,,0,0,0,0,0,,,,,,,,,,,,,,2024-01-25T16:04:33,Unknown,,false,,3886463F-9561-464E-BEDC-517601869820
E-010,0,,,,E-010,1880 us census,muecke,2024-01-25,,,,,,,,0,,,0,0,,1880,This is a huge black book that is the censu,,0,,,0,,,,,,,,,,,065\E010.JPG                                                ,4,,,,,,0,,,,,,0,0,,,,,,0,,,,,,,0,,2024-01-25,,,E-010,book,,,,,,,,Large black book with yellowed papges.,,,,,,,,,,,,,,,,,,,,,,,,,,,,10th Census of the United States 1880,,,,,,,,,,,,0,0,0,0,0,,,,,,,,,,,,,,2024-01-25T15:26:19,Unknown,,false,,BC317FA9-B07A-46EC-998A-831354033720
E-292,0,,,,E-292,Pilgrims Progress,muecke,2024-01-26,,,,,,,,0,John Bunyan,,0,0,,,,,0,,,0,,,,,,,,,,,065\E292.JPG                                                ,2,,,,,,0,,,,,,0,0,,,,,,0,,,,,,,0,,2024-01-26,,,E-292,book,,,,,,,,"Red cover with black decoration,  The spine has the title in gold writing",,,John Potter and Co,,,,,,,,,,,,,,,,,,,,,,,,,Pilgrims Progress,,,,,,,,,,,,0,0,0,0,0,,,,,,,,,,,,,,2024-01-26T09:19:12,Unknown,,false,,5BDC074E-BE3B-48BD-8E3C-555782718360
E-311,0,,,Narrative of 1757,E-311,Last of the Mohicans,muecke,2024-01-26,,,,,,,,0,James Fenmore Cooper,,0,0,,1903,,,0,,,0,,,,,,,,,,,065\E311.JPG                                                ,2,,,,,,0,,,,,,0,0,,,,,,0,,,,,,,0,,2024-01-26,,,E-311,book,,,,,,,,Grey cover with worn out black title name.Held together with red duct tape. Cover is mostly unatached. Spine is taped with the title in white,,,Scott Foresman &Co,,,,,,,,,,,,,,,,,Nativr American,,,,,,,,Last of the Mohicans,Edited for Schoo use by  Lewis,,,,,,,,,,,0,0,0,0,0,,,,,,,,,,,,,,2024-01-26T09:26:48,Unknown,,false,,6C82121E-8CFC-47AB-AA5A-363010306421
E-301,0,,,Spanish Novelist from 1547-1616,E-301,Don Quixote,muecke,2024-01-26,,,,,,,,0,Miguel Cervantes Saavedra,,0,0,,,This rewrite was completed in one volume,,0,,,0,,,,,,,,,,,065\E301.JPG                                                ,2,,,,,,0,,,,,english,0,0,,,,,,0,,,,,,,0,,2024-01-26,,,E-301,book,,,,,,,,Dark blue book cover with gold lettering on the spine for the title.,,,John W. Lovell Co,,,,,,,,,,,,,,,,,,,,,,,,,Don Qruixote,Translated by De La Mancha,,,,,,,,,,,0,0,0,0,0,,,,,,,,,,,,,,2024-01-26T09:31:58,Unknown,,false,,81E70BCF-FAF8-4BC8-BADB-054897967903
E-279,0,,,,E-279,The blue window,muecke,2024-01-26,,,,,,,,0,Temple Bailey,,0,0,,1926,,,0,,,0,,,,,,,,,,,065\E279.JPG                                                ,2,,,,,,0,,,,,english,0,0,,,,,,0,,,,,,,0,,2024-01-26,,,E-279,book,,,,,,,,This is a dark blue coloerd book with black print. The spine is faded of the dark blue from light .,,,Penn,,Philadephia,,,,,,,,,,,,,,,,,,,,,,,The Blue Window,,,,,,,,,,,,0,0,0,0,0,,,,,,,,,,,,,,2024-01-26T09:37:14,Unknown,,false,,4BBFEC19-C936-4DC1-A110-974843770895
E-312,0,,,,E-312,Deerslayer,muecke,2024-01-26,,,,,,,,0,J.Fenimore Cooper,,0,0,,1889,,,0,,,0,,,,,,,,,,,065\E312.JPG                                                ,2,,,,,,0,,,,,,0,0,,,,,,0,,,,,,,0,,2024-01-26,,,E-312,book,,,,,,,,The cover is dark brown with alot of decoration in black and the top cover has the words Arlington Edition.,,,Hurst & Co,,New york,,,,,,,,,,,,,,,,,,,,,,,The Deerslayer,or The First Warpath,,,,,,,,,,,0,0,0,0,0,,,,,,,,,,,,,,2024-01-26T10:01:28,Unknown,,false,,561D0C47-9A6A-444B-9E4A-421841896640
E-291,0,,,,E-291,The LAsty days of Pompeii,,2024-01-26,,,,,,,,0,Bulwer-Lytton,,0,0,,,,,0,,,0,,,,,,,,,,,065\E291.JPG                                                ,2,,,,,,0,,,,,english,0,0,,,,,,0,,,,,,,0,,2024-01-26,,,E-291,book,,,,,,,,This is a red covered book with a picture of a statue.  in whiteI has black lettering,,,Grosset& Dunlop,,,,,,,,,,,,,,,,,vocano Destroyed Pompeii,,,,,,,,The Last Days of Pompeii,,,,,,,,,,,,0,0,0,0,0,,,,,,,,,,,,,,2024-01-26T10:19:31,Unknown,,false,,255A066A-12E0-4F6A-9571-532349158118
E-270,0,,,illistrations by Charles Wrenn,E-270,Boys scout book,muecke,2024-01-26,,,,,,,,0,Lieut. Howard Payson,,0,0,,1916,Boys scout storybook,,0,,,0,,,,,,,,,,,065\E270.JPG                                                ,2,,,,,,0,,,,,,0,0,,,,,,0,,,,,,,0,,2024-01-26,,,E-270,book,,,,,,,,Light tan book with 3 boy scouts on the cover with a map and the title in black writing. The spine has a boy scout and the trademark of a hat.,,,Hurst & Co,,,,,,,,,,,,,,,,,,,,,,,,,The Boys Scouts Under Sealed Orders,,,,,,,,,,,,0,0,0,0,0,,,,,,,,,,,,,,2024-01-26T10:27:45,Unknown,,false,,448BB3FD-015A-422E-95DF-658645810997
E-310,0,,,,E-310,A Place beyon the Winds,,2024-01-26,,,,,,,,0,Harriet Comstock,,0,0,,1914,,,0,,,0,,,,,,,,,,,065\E310.JPG                                                ,1,,,,,,0,,,,,english,0,0,,,,,,0,,,,,,,0,,2024-01-26,,,E-310,book,,,,,,,,"Green cover with a cabin and woods scene on the top[ and the title in yellow on the bottom. The spine is very loose from the book

",,,"Grosset & Dunlap-- Doubleday, Page and Co",,New York,,,,,,,,,,,,,,,,,,,,,,,The Place Beyond the Winds,,,,,,,,,,,,0,0,0,0,0,,,,,,,,,,,,,,2024-01-26T10:32:49,Unknown,,false,,9A41F589-CFD8-467F-93D7-128756357395
E-302,0,,,,E-302,Fresh Waters,muecke,2024-01-26,,,,,,,,0,Richard Wasburn Child,,0,0,,1924,"

",,0,,,0,,,,,,,,,,,065\E302-1.JPG                                              ,1,,,,,,0,,,,,,0,0,,,,,,0,,,,,,,0,,2024-01-26,,,E-302,book,,,,,,,,This is a red covered book with gold writing for the title/,,,E.P. Dutton & co,,,,,,,,,,,,,,,,,,,,,,,,,Fresh Waters and other Stories,,,,,,,,,,,,0,0,0,0,0,,,,,,,,,,,,,,2024-01-26T10:37:07,Unknown,,false,,042B5211-08BC-488D-9FFC-913404940285
E-300,0,,,,E-300,Frank on a Gunboat,,2024-01-26,,,,,,,,0,Harry Castlemon,,0,0,,,Boys adventure book series,,0,,,0,,,,,,,,,,,065\E300.JPG                                                ,1,,,,,,0,,,,,,0,0,,,,,,0,,,,,,,0,,2024-01-26,,,E-300,book,,,,,,,,A very colorful colred book cover with boys in sailor gear and hunting gear with a scenic tepee background in the circle. The cover is torn from the spine but still attached to the book,,,John winston C0,,Philadelphia,,,,,,,,,,,,,,,,,,,,,,,"Frank on a Gunboat

The Gunboat series",Volume 4 of a 6 part series,,,,,,,,,,,0,0,0,0,0,,,,,,,,,,,,,,2024-01-26T10:44:47,Unknown,,false,,7241348B-ADE3-4BD3-9FA3-764864387563
E-299,0,,,,E-299,Frank in the Mountains,muecke,2024-01-26,,,,,,,,0,Harry Castleman,,0,0,,,Boys adventure series,,0,,,0,,,,,,,,,,,065\E299.JPG                                                ,1,,,,,,0,,,,,english,0,0,,,,,,0,,,,,,,0,,2024-01-26,,,E-299,book,,,,,,,,"This is a very colorful picture on the cover in yellow with a man cooking over a fire and a canoe in the background p[icture
",,,Winston Co,,,,,,,,,,,,,,,,,,,,,,,,,Frank in the Mountains,,,,,,,,,,,,0,0,0,0,0,,,,,,,,,,,,,,2024-01-26T10:48:37,Unknown,,false,,65BB540C-BF7A-48C0-BD1C-963620539340
,0,,,"



",E-282,The Khaki Boys,muecke,2024-01-26,,,,,,,,0,Capt. Gordon Bates,,0,0,,1918,,,0,,,0,,,,,,,,,,,065\E282.JPG                                                ,1,,,,,,0,,,,,,0,0,,,,,,0,,,,,,,0,,2024-01-26,,,E-282,book,,,,,,,,This is a yellowed book with a soldier  outside with a plane and barracks on the top half of the book and the Title in large brown letters,,,Cupples and Leon Co,,,,,,,,,,,,,,,,,,,,,,,,,The Khaki Boys at the Front,,,,,,,,,,,,0,0,0,0,0,,,,,,,,,,,,,,2024-01-26T15:17:44,Unknown,,false,,8FC78B8F-1C38-41E6-AFE7-248450267948
E-286,0,,,Illustrations by Bart Haley,E-286,Blitzen the conjurer,,2024-01-26,,,,,,,,0,Frank Bicknell,,0,0,,1906 copywright,,,0,,,0,,,,,,,,,,,065\E286.JPG                                                ,1,,,,,,0,,,,,enbglish,0,0,,,,,,0,,,,,,,0,,2024-01-26,,,E-286,book,,,,,,,,Tan book with a magician and a table on the cover with an orange lettering and orange drape behind the man.,,,Henry Altemus Co,,Philadelphia,,,,,,,,,,,,,,,magic,,,,,,,,Blitzen the Conjurer,,,,,,,,,,,,0,0,0,0,0,,,,,,,,,,,,,,2024-01-26T10:56:57,Unknown,,false,,C4E900E3-31EC-42BE-A4D5-504852535947
E-285,0,,,"



",E-285,Trouble on Old Smoky,,2024-01-26,,,,,,,,0,Catherine Blanton,,0,0,,1951,,,0,,,0,,,,,,,,,,,065\E285.JPG                                                ,1,,,,,,0,,,,,english,0,0,,,,,,0,,,,,,,0,,2024-01-26,,,E-285,book,,,,,,,,Dark brown cover with 2 musicians on the cover with a guitat and boy with book,,,Whittlesey House,,,,,,,,,,,,,,,,,mystery,,,,,,,,Trouble on old Smoky,,,,,,,,,,,,0,0,0,0,0,,,,,,,,,,,,,,2024-01-26T11:01:35,Unknown,,false,,2A9CDD56-3515-4EC8-AED3-043002331947
E-277,0,,,Illustrated by Charles Livingston Bull,E-277,Horseman of the Plains,muecke,2024-01-26,,,,,,,,0,Joseph Altsheler,,0,0,,1926 reprint,"Boys Scout  adventure series.. 1 of 73 books     This is the only series of book  backed by the Boys Scouts.
EVERY BOYS LIBRARY: BOYS SCOUTS EDITION",,1917,,,0,,,,,,,,,,,065\E277.JPG                                                ,3,,,,,,0,,,,,,0,1926,,,,,,0,,,,,,,0,,2024-01-26,,,E-277,book,,,,,,,,This book is in very poor condition . The green cover has been taped with electrical many years ago. It has a faded red symbol with flags and fler de lis in it. The pages are torn and weak but inside the book. CAUTION USING FRAGILE,,,Grosset and Dunlap,,,,,,,,,,,,,,,,,boys scout adventure series,,,,,,,,The Horseman of the Plains,,,,,,,,,,,,0,0,0,0,0,,,,,,,,,,,,,,2024-01-26T11:21:40,Unknown,,false,,9AA740A8-4D40-44F5-8020-762850374733
E-307,0,,,,E-307,Corporal Cameron,muecke,2024-01-26,,,,,,,,0,Ralph Connor ,,0,0,,copyw. 1912,,,0,,,0,,,,,,,,,,,065\E307.JPG                                                ,2,,,,,,0,,,,,english,0,0,,,,,,0,,,,,,,0,,2024-01-26,,,E-307,book,,,,,,,,This is a dark brown covered book with black writing on it for the title.,,,Grosset and Dumlap,,new York,,,,,,,,,,,,,,,adventure,,,,,,,,Corporal  Cameran of the North West Mounted Police,Tale of the Mcleod trail,,,,,,,,,,,0,0,0,0,0,,,,,,,,,,,,,,2024-01-26T11:43:03,Unknown,,false,,BC700C7D-BFE5-4E7A-9AD0-744684815018
E-306,0,,,,E-306,How the Boy was Lost,muecke,2024-01-26,,,,,,,,0,Frank Cowgill,,0,0,,1912,,,0,,,0,,,,,,,,,,,065\E306.JPG                                                ,2,,,,,,0,,,,,,0,0,,,,,,0,,,,,,,0,,2024-01-26,,,E-306,book,,,,,,,,small book in Dark green binding and brigh gold lettering for the title..121 pages,,,Jennings and graham,,Eaton and Mains,,,,,,,,,,,,,,,,,,,,,,,How the Boy was  Lost,,,,,,,,,,,,0,0,0,0,0,,,,,,,,,,,,,,2024-01-26T11:46:44,Unknown,,false,,9FC9C086-8DDD-4169-9174-587555315663
E-314,0,,,,E-314,Prue and I,,2024-01-26,,,,,,,,0,George William Curtis,,0,0,,,,,0,,,0,,,,,,,,,,,065\E314.JPG                                                ,2,,,,,,0,,,,,english,0,0,,,,,,0,,,,,,,0,,2024-01-26,,,E-314,book,,,,,,,,Dark red cover of a small book. It has no title on the cover just on the spone in gold letters,,,Mershon Co,,,,,,,,,,,,,,,,,,,,,,,,,Prue and I,,,,,,,,,,,,0,0,0,0,0,,,,,,,,,,,,,,2024-01-26T11:53:07,Unknown,,false,,40FFC59B-716F-48D5-96D6-325461524121
E-288,0,,,,E-288,The Heir of Linne,,2024-01-26,,,,,,,,0,Robert Buchanan,,0,0,,,,,0,,,0,,,,,,,,,,,065\E288.JPG                                                ,2,,,,,,0,,,,,,0,0,,,,,,0,,,,,,,0,,2024-01-26,,,E-288,book,,,,,,,,Olive green book cover with embossed flower and decor on the cover and the works CRESENT MOON. The cover is weak at the spine.,,,Munros and Sons,,New york,,,,,,,,,,,,,,,,,,,,,,,The Heir of Linne,,,,,,,,,,,,0,0,0,0,0,,,,,,,,,,,,,,2024-01-26T11:57:34,Unknown,,false,,BA0E7737-914C-4041-8ADC-904182707369
E-290,0,,,,E-290,The fall of PomPeii,muecke,2024-01-26,,,,,,,,0,Lord Lyyton,,0,0,,,,,0,,,0,,,,,,,,,,,065\E290.JPG                                                ,2,,,,,,0,,,,,,0,0,,,,,,0,,,,,,,0,,2024-01-26,,,E-290,book,,,,,,,,This has a rec cover with embossed shamrock in a circle on the cover surrounded by other embossed circles.The title is gold and on the spine,,,Hurst and Co,,,,,,,,,,,,,,,,,,,,,,,,,The last days of Pompeii,,,,,,,,,,,,0,0,0,0,0,,,,,,,,,,,,,,2024-01-26T12:01:48,Unknown,,false,,EA7D3075-1181-4EC5-AA7C-363401622338
E-284,0,,,Illustrated by DENMAN FINK,E-284,The Barrier,muecke,2024-01-26,,,,,,,,0,Rex Beach,,0,0,,copyw: 1908,,,0,,,0,,,,,,,,,,,065\E284.JPG                                                ,2,,,,,,0,,,,,,0,0,,,,,,0,,,,,,,0,,2024-01-26,,,E-284,book,,,,,,,,This is a green covered book with the title in black and a colorful badge type decor with trees.,,,A.L. Burt and co,,,,,,,,,,,,,,,,,,,,,,,,,The Barrier,,,,,,,,,,,,0,0,0,0,0,,,,,,,,,,,,,,2024-01-26T12:05:26,Unknown,,false,,3497F5B3-484D-40BD-AD23-497720905770
E-309,0,,,,E-309,The spy,muecke,2024-01-26,,,,,,,,0,Cooper,,0,0,,copyw.1821,,,0,,,0,,,,,,,,,,,065\E309.JPG                                                ,1,,,,,,0,,,,,,0,0,,,,,,0,,,,,,,0,,2024-01-26,,,E-309,book,,,,,,,,This is a dakr green cover with a faded outdooe scene on the front and the auters name.The oages are worn and the spine is torn but attached.,,,unknown,,,,,,,,,,,,,,,,,spy stories   Revolutionary war era,,,,,,,,The Spy,,,,,,,,,,,,0,0,0,0,0,,,,,,,,,,,,,,2024-01-26T12:11:01,Unknown,,false,,9FBB32CD-29EC-461D-9121-384504531052
E-296,0,,,Roselle Knott edition,E-296,When Knighthood was in Flower,muecke,2024-01-26,,,,,,,,0,Edwin Caskoden,,0,0,,,,,1898,,,0,,,,,,,,,,,065\E296-1.JPG                                              ,1,,,,,,0,,,,,,0,1901,,,,,,0,,,,,,,0,,2024-01-26,,,E-296,book,,,,,,,,This is a red book with the title and castle on the top half of the cover and on the spine.The spine is faded. ,,,Grosset & Dunlap 1898 and 1901 by Bowen-Merrill,,,,,,,,,,,,,,,,,,,,,,,,,When Knighthood was in Flower,"Rewritton  in modern english from Caskodens m,emoirs",,,,,,,,,,,0,0,0,0,0,,,,,,,,,,,,,,2024-01-26T12:17:35,Unknown,,false,,19A5A1DA-6354-4793-9627-421340251314
E-341,0,,,Study of Provencial Life,E-341,Middlemarch,muecke,2024-01-26,,,,,,,,0,George Eliot,,0,0,,circa 1898,,,0,,,0,,,,,,,,,,,065\E341.JPG                                                ,3,,,,,,0,,,,,,0,0,,,,,,0,,,,,,,0,,2024-01-26,,,E-341,book,,,,,,,,This book is dark red binder and has a gold clover and embossing on the cover. The title is on the spine but very hard to see,,,Geo.M.Hill Co,,Chicago,,,,,,,,,,,,,,,,,,,,,,,MiddleMarch,,,,,,,,,,,,0,0,0,0,0,,,,,,,,,,,,,,2024-01-26T13:03:59,Unknown,,false,,E4C5D5C8-00A6-4C5E-9D2E-232141077787
E-340,0,,,,E-340,When the heart is young,,2024-01-26,,,,,,,,0,Nina Miller Elliot,,0,0,,copyw.1917,,,0,,,0,,,,,,,,,,,065\E340-1.JPG                                              ,2,,,,,,0,,,,,english,0,0,,,,,,0,,,,,,,0,,2024-01-26,,,E-340,book,,,,,,,,This book is a dark red binder and black letters for the cover.,,,Thos.W.Jackson Co,,Chicago,,,,,,,,,,,,,,,love story,,,,,,,,When the heart is young,,,,,,,,,,,,0,0,0,0,0,,,,,,,,,,,,,,2024-01-26T13:09:09,Unknown,,false,,A68F5809-B1CC-41F6-A077-131040959673
E-355,0,,,,E-355,The UP Trail,muecke,2024-01-26,,,,,,,,0,Zane Grey,,0,0,,1918,,,0,,,0,,,,,,,,,,,065\E355.JPG                                                ,1,,,,,,0,,,,,,0,0,,,,,,0,,,,,,,0,,2024-01-26,,,E-355,book,,,,,,,,This is a tan book with brown letteing for the title and a partial picture of a man on horseback.,,,Grosset and Dunlap,,,,,,,,,,,,,,,,,,,,,,,,,The U.P.Trail,,,,,,,,,,,,0,0,0,0,0,,,,,,,,,,,,,,2024-01-26T13:12:25,Unknown,,false,,A06455D2-9E4B-46AE-A087-626628880494
E-346,0,,,,E-346,The Bungalow Boys,muecke,2024-01-26,,,,,,,,0,Dexter J Forrester,,0,0,,1912,,,0,,,0,,,,,,,,,,,065\E346.JPG                                                ,1,,,,,,0,,,,,,0,0,,,,,,0,,,,,,,0,,2024-01-26,,,E-346,book,,,,,,,,,,,Hurst and C0,,,,,,,The bungalow Boys,,,,,,,,,,,,,,,,,,Bungalow Boys on the Great Lakes,,,,,,,,,,,,0,0,0,0,0,,,,,,,,,,,,,,2024-01-26T13:15:29,Unknown,,false,,DA27CF02-A632-40B6-85CD-104640474210
E-395,0,,,,E-395,Bungalow Boys,muecke,2024-01-26,,,,,,,,0,Dexter Forrester,,0,0,,1911,,,0,,,0,,,,,,,,,,,065\E395.JPG                                                ,1,,,,,,0,,,,,,0,0,,,,,,0,,,,,,,0,,2024-01-26,,,E-395,book,,,,,,,,This is a green book with a picture of a man and a moose in the forrest,,,Hurst and Co,,,,,,,,,,,,,,,,,boys adventures,,,,,,,,The Bungalow Boys,,,,,,,,,,,,0,0,0,0,0,,,,,,,,,,,,,,2024-01-26T13:19:40,Unknown,,false,,8AB4C421-6398-4AC8-A929-894742052552
E-348,0,,,,E-348,The Little shepherd of Kingdomn Come,muecke,2024-01-26,,,,,,,,0,John Fox Jr,,0,0,,1903,,,0,,,0,,,,,,,,,,,065\E348-1.JPG                                              ,1,,,,,,0,,,,,,0,0,,,,,,0,,,,,,,0,,2024-01-26,,,E-348,book,,,,,,,,This is a red covered book with very faded lettering on the fron t that was white or grey. The spine is faded red.,,,Scibners& sons,,,,,,,,,,,,,,,,,,,,,,,,,The Little- Shepherd of Kingdom Come,,,,,,,,,,,,0,0,0,0,0,,,,,,,,,,,,,,2024-01-26T13:24:44,Unknown,,false,,695F3FED-904E-42B1-A61A-180573772875
E-356,0,,,,E-356,ThenBlack Barque,muecke,2024-01-26,,,,,,,,0,T Jenkins Hains,,0,0,,1908,,,1905,,,0,,,,,,,,,,,065\E356.JPG                                                ,2,,,,,,0,,,,,,0,1908,,,,,,0,,,,,,,0,,2024-01-26,,,E-356,book,,,,,,,,This is a black book decorated with ship and skulls  and appears to be African American womens faces,,,Page,,Boston,,,,,,,,,,,,,,,,,,,,,,,The Black Barque,,,,,,,,,,,,0,0,0,0,0,,,,,,,,,,,,,,2024-01-26T13:28:57,Unknown,,false,,FAAD959D-7D45-4185-802A-281774542548
E-362,0,,,,E-362,,,2024-01-26,,,,,,,,0,"Hawthorne,Nathaniel",,0,0,,copyw.1859,,,0,,,0,,,,,,,,,,,065\E362.JPG                                                ,2,,,,,,0,,,,,,0,0,,,,,,0,,,,,,,0,,2024-01-26,,,E-362,book,,,,,,,,This is a plain red book cover with a small  gold title on the spine,,,W.B. Conkey,,,,,,,,,,,,,,,,,,,,,,,,,The Marble faun,,,,,,,,,,,,0,0,0,0,0,,,,,,,,,,,,,,2024-01-26T13:38:52,Unknown,,false,,618782B6-59ED-413B-9C83-099563316680
,0,,,,E-354,The Light of the Western Stars,muecke,2024-01-26,,,,,,,,0,Zane Grey,,0,0,,Jan. 1914,,,0,,,0,,,,,,,,,,,065\E354.JPG                                                ,1,,,,,,0,,,,,,0,0,,,,,,0,,,,,,,0,,2024-01-26,,,E-354,book,,,,,,,,This is a green and grey book with a mountain scene and stars,,,Grosset and Dinlap,,,,,,,,,,,,,,,,,Romance,,,,,,,,The Light of the Western Stars,,,,,,,,,,,,0,0,0,0,0,,,,,,,,,,,,,,2024-01-26T13:44:39,Unknown,,false,,725FAE90-58BE-4BB4-994D-152488593700
E-335,0,,,Ass. editor of thenIowa State registar,E-335,The valley and the Shadows,muecke,2024-01-26,,,,,,,,0,J.Dixon,,0,0,,1868,,,0,,,0,,,,,,,,,,,065\E335.JPG                                                ,2,,,,,,0,,,,,,0,0,,,,,,0,,,,,,,0,,2024-01-26,,,E-335,book,,,,,,,,This is a faded tan book with faded title on the spine,,,Russel Bros.,,N.Y.,,,,,,,,,,,,,,,,,,,,,,,Valley of the Shadows,,,,,,,,,,,,0,0,0,0,0,,,,,,,,,,,,,,2024-01-26T13:50:14,Unknown,,false,,9BF6BAC8-4373-497E-9D74-519955350429
E-012,0,,,,E-012,A Circle of trees,muecke,2024-01-26,,,,,,,,0,Dana Faralla,,0,0,,1955,,,0,,,0,,,,,,,,,,,065\E012.JPG                                                ,1,,,,,,0,,,,,,0,0,,,,,,0,,,,,,,0,,2024-01-26,,,E-012,book,,,,,,,,This book has a dust jacket on it with 2 people walking in the woods and black writing for the title. The book itself is yellow,,,J.B. Lipponcott CoThis book has a dust,,,,,,,,,,,,,,,,,,,,,,,,,A Circle of Trees,,,,,,,,,,,,0,0,0,0,0,,,,,,,,,,,,,,2024-01-26T13:54:43,Unknown,,false,,8D75ACBE-4C81-41E1-BD65-919232316131
E-364,0,,,,E-364,yA Change of Air,,2024-01-26,,,,,,,,0,Anthony Hope,,0,0,,,,,0,,,0,,,,,,,,,,,065\E364.JPG                                                ,2,,,,,,0,,,,,,0,0,,,,,,0,,,,,,,0,,2024-01-26,,,E-364,book,,,,,,,,This is a tan book with lots of red flowers on the cover. The title of the book and the gold writing decor are very faded on the spine,,,F.M. Lupton Co.,,,,,,,,,,,,,,,,,,,,,,,,,A Change of Air,,,,,,,,,,,,0,0,0,0,0,,,,,,,,,,,,,,2024-01-26T15:16:52,Unknown,,false,,47BDDD9E-B07B-4287-9D18-840981125354
E-333,0,,,,E-333,Uncommercial Traveler,muecke,2024-01-26,,,,,,,,0,Charles Dickens,,0,0,,,,,1860,,,0,,,,,,,,,,,065\E333.JPG                                                ,2,,,,,,0,,,,,,0,1890,,,,,,0,,,,,,,0,,2024-01-26,,,E-333,book,,,,,,,,This book is in good condition .It is red with an embossed insignia of the author.. The spine is faded red and has black accents with gold writing,,,Books Inc,,,,,,,,,,,,,,,,,,,,,,,,,The uncommercial Traveler with illustrations,The Haunted house,,,,,,,,,,,0,0,0,0,0,,,,,,,,,,,,,,2024-01-26T14:24:35,Unknown,,false,,A62E0F5E-6822-4EF8-A8C2-147550642090
E-339,0,,,Oxford Edition,E-339,Twenty Years After,muecke,2024-01-26,,,,,,,,0,Alexander Dumas,,0,0,,unknown,,,0,,,0,,,,,,,,,,,065\E339.JPG                                                ,2,,,,,,0,,,,,,0,0,,,,,,0,,,,,,,0,,2024-01-26,,,E-339,book,,,,,,,,This is a smaller bookm with red binding. It has nothing on the fron but has golden writing on the spine and a hallmark on the bottom of the spine,,,"Lovell,Coryell & Co",,,,,,,,,,,,,,,,,,,,,,,,,Twenty Years After,,,,,,,,,,,,0,0,0,0,0,,,,,,,,,,,,,,2024-01-26T14:29:49,Unknown,,false,,963C8424-CA61-4E97-98E5-868710408539
E-337,0,,,,E-337,Hans Brinker,muecke,2024-01-26,,,,,,,,0,Mary Mapes Dodge,,0,0,,unknown,,,0,,,0,,,,,,,,,,,065\E337.JPG                                                ,2,,,,,,0,,,,,,0,0,,,,,,0,,,,,,,0,,2024-01-26,,,E-337,book,,,,,,,,This is a faded blue book with the spine almost yellow from ligjht fading.The title is done with dark blue inkl,,,Grosset and Dunlap,,,,,,,,,,,,,,,,,,,,,,,,,Hans Brinker,or the Silver Skates: A story of Life in Holland,,,,,,,,,,,0,0,0,0,0,,,,,,,,,,,,,,2024-01-26T14:34:32,Unknown,,false,,5347939F-BA6D-4038-9B1B-445222302217
E-458,0,,,,E-458,Autobiography of Ben Franklin,muecke,2024-01-26,,,,,,,,0,Benjamin Franklin,,0,0,,,Autobiography of Bejamin Franklin,,0,,,0,,,,,,,,,,,065\E458.JPG                                                ,2,,,,,,0,,,,,,0,0,,,,,,0,,,,,,,0,,2024-01-26,,,E-458,book,,,,,,,,"This is a small book. 6x4x1 in size. It has beautifl array of golds,greens, and purples and flowers on the front cover and spine. It is dirty and worn 303 pages.",,,W.B. Conkey and Co,,chicago,,,,,,,,,,,,,,,,,,,,,,,Autobiography of Ben. Franklin,,,,,,,,,,,,0,0,0,0,0,,,,,,,,,,,,,,2024-01-26T14:54:38,Unknown,,false,,0A280134-ED59-40D9-9E9E-304010835120
E-433,0,,,,E-433,Character,muecke,2024-01-26,,,,,,,,0,D.Starke,,0,0,,1916,,,0,,,0,,,,,,,,,,,065\E433.JPG                                                ,2,,,,,,0,,,,,,0,0,,,,,,0,,,,,,,0,,2024-01-26,,,E-433,book,,,,,,,,This is a grey book with dark blue letters and has 135 pages.,,,Funk & Wagnals,,,,,,,,,,,,,,,,,,,,,,,,,"Character, How to Strengthen It",Mental efficency series,,,,,,,,,,,0,0,0,0,0,,,,,,,,,,,,,,2024-01-26T14:58:19,Unknown,,false,,FEFF0876-2D9D-43D1-8E1A-242359871346
E-435,0,,,,E-435,False Witness,,2024-01-26,,,,,,,,0,Irving Stone,,0,0,,1940,,,0,,,0,,,,,,,,,,,065\E435.JPG                                                ,3,,,,,,0,,,,,,0,0,,,,,,0,,,,,,,0,,2024-01-26,,,E-435,book,,,,,,,,275 page cook with a dirty blue cover and faded markings. The only way to see the title is on the spine,,,Book League of America/ Double day Co,,,,,,,,,,,,,,,,,,,,,,,,,"False Witness, a novel",,,,,,,,,,,,0,0,0,0,0,,,,,,,,,,,,,,2024-01-26T15:02:28,Unknown,,false,,B2DA37AE-724B-4880-9827-294159364830
E-481,0,,,,E-481,Alexander Hamilton,muecke,2024-01-26,,,,,,,,0,David Loth,,0,0,,1939,,,0,,,0,,,,,,,,,,,065\E481.JPG                                                ,3,,,,,,0,,,,,,0,0,,,,,,0,,,,,,,0,,2024-01-26,,,E-481,book,,,,,,,,This is a dark bluecovered book with a silver title on the spine,,,Carrik and Evans,,NY,,,,,,,,,,,,,,,,,,,,,,,ALEXANDER HAMILTON: portrait of a prodigy,,,,,,,,,,,,0,0,0,0,0,,,,,,,,,,,,,,2024-01-26T15:07:11,Unknown,,false,,D8A38A6C-080E-4567-9216-831955638150
,0,,,,E-419,Scaramouche,muecke,2024-01-26,,,,,,,,0,Rafael Sabatini,,0,0,,1921,,,0,,,0,,,,,,,,,,,065\E419.JPG                                                ,2,,,,,,0,,,,,,0,0,,,,,,0,,,,,,,0,,2024-01-26,,,E-419,book,,,,,,,,A very nice book. It is maroon in color with Gold lettering. 392 pages,,,Grosset and Dunlap,,,,,,,,,,,,,,,,,french revolution romance,,,,,,,,Scaramouche,,,,,,,,,,,,0,0,0,0,0,,,,,,,,,,,,,,2024-01-26T15:23:38,Unknown,,false,,CB94AFCD-0BB6-4592-A4B7-801461343900
,0,,,from the last revised edition,E-421,Ivanhoe,muecke,2024-01-26,,,,,,,,0,Sir Walter Scott,,0,0,,,,,1771,,,0,,,,,,,,,,,065\E421.JPG                                                ,2,,,,,,0,,,,,,0,1832,,,,,,0,,,,,,,0,,2024-01-26,,,E-421,book,,,,,,,,this is a dark blue book with 445 pages and gold writing on the spine along with an Oxford edition insignia,,,"Lovell, John W.",,NY,,,,,,,,,,,,,,,romance,,,,,,,,Ivanhoe,,,,,,,,,,,,0,0,0,0,0,,,,,,,,,,,,,,2024-01-26T15:30:42,Unknown,,false,,D7D1F1A6-C3B2-470B-8804-281011385720
,0,,,,E-418,Opening a Chestnut Burr,muecke,2024-01-26,,,,,,,,0,E.P. Roe,,0,0,,1885,,,0,,,0,,,,,,,,,,,065\E418.JPG                                                ,2,,,,,,0,,,,,,0,0,,,,,,0,,,,,,,0,,2024-01-26,,,E-418,book,,,,,,,,This book is yellow with very colorful front cover with blue letters and red and blue desighn. it has 375 pages. it is a small book,,,"Dodd,Mead and Co.",,NY,,,,,,,,,,,,,,,,,,,,,,,Opening a Chestnut Burr,,,,,,,,,,,,0,0,0,0,0,,,,,,,,,,,,,,2024-01-26T15:35:21,Unknown,,false,,7AE2C2A6-5CF7-4938-AB4D-935256095141
,0,,,,E-417,A Knight of the XIX Century,muecke,2024-01-26,,,,,,,,0,E.P. Roe,,0,0,,1877,,,0,,,0,,,,,,,,,,,065\E417.JPG                                                ,1,,,,,,0,,,,,,0,0,,,,,,0,,,,,,,0,,2024-01-26,,,E-417,book,,,,,,,,This is a small book thathas a red cover and white lettering on the cover with a emblem. It has 465 pages,,,"Dodd, mead and Co",,NY,,,,,,,,,,,,,,,,,,,,,,,A Knight of the XIX Century,,,,,,,,,,,,0,0,0,0,0,,,,,,,,,,,,,,2024-01-26T15:39:39,Unknown,,false,,34A40097-6C0E-4DF3-B41E-191119501310
,0,,,,E-013,Storm Canvas,muecke,2024-01-26,,,,,,,,0,Armstrong Sperry,,0,0,,1944,,,0,,,0,,,,,,,,,,,065\E013.JPG                                                ,2,,,,,,0,,,,,,0,0,,,,,,0,,,,,,,0,,2024-01-26,,,E-013,book,,,,,,,,This book is in poor condition. The cover is faded and torn loose The spine has white lettering,,,John Winston Co,,,,,,,,,,,,,,,,,,,,,,,,,Storm Canvas,,,,,,,,,,,,0,0,0,0,0,,,,,,,,,,,,,,2024-01-26T15:44:49,Unknown,,false,,B8662EFD-2072-457E-BA23-887034110445
,0,,,,E-425,The Rope of Gold,muecke,2024-01-26,,,,,,,,0,Roy Snell,,0,0,,1929,,,0,,,0,,,,,,,,,,,065\E425.JPG                                                ,1,,,,,,0,,,,,,0,0,,,,,,0,,,,,,,0,,2024-01-26,,,E-425,book,,,,,,,,This is a red book with black lettering and has 278 pages,,,The Rielly and Lee Co.,,,,,,,,,,,,,,,,,mystery for boys,,,,,,,,The Rope of Gold,,,,,,,,,,,,0,0,0,0,0,,,,,,,,,,,,,,2024-01-26T15:49:34,Unknown,,false,,4B08EAE7-119E-4050-8042-189741592242
,0,,,,E-438,Alice of Old Vincennes,muecke,2024-01-26,,,,,,,,0,Maurice Thompson,,0,0,,copyw.1900,,,0,,,0,,,,,,,,,,,065\E438.JPG                                                ,1,,,,,,0,,,,,,0,0,,,,,,0,,,,,,,0,,2024-01-26,,,E-438,book,,,,,,,,This has 420 pages and is  light blue cover with gold print and a city scene in gold and reds,,,Grosset and Dunlap,,NY,,,,,,,,,,,,,,,,,,,,,,, Alice of Old Vincenes,Ilustrated. by FC Yohn,,,,,,,,,,,0,0,0,0,0,,,,,,,,,,,,,,2024-01-26T15:54:18,Unknown,,false,,7C2009B7-16B6-4713-A798-395914364918
,0,,,,E-436,Uncle Toms Cabin,muecke,2024-01-26,,,,,,,,0,Harriet Beecher Stowe,,0,0,,1952,,,0,,,0,,,,,,,,,,,065\E436.JPG                                                ,2,,,,,,0,,,,,,0,0,,,,,,0,,,,,,,0,,2024-01-26,,,E-436,book,,,,,,,,This is a very worn book with tape holding the cover together. It has a red GIC stamp on the front cover. 442 pages,,,Dodd Mead and Co,,NY,,,,,,,,,,,,,,,,,,,,,,,Uncle Toms Cabin,,,,,,,,,,,,0,0,0,0,0,,,,,,,,,,,,,,2024-01-26T15:58:19,Unknown,,false,,EE6616C4-7BF0-4FCB-A8A9-215749581333
,0,,,,E-432,Tour the world in  80 days,muecke,2024-01-26,,,,,,,,0, Jules Verne,,0,0,,1890,,,0,,,0,,,,,,,,,,,065\E432.JPG                                                ,1,,,,,,0,,,,,,0,0,,,,,,0,,,,,,,0,,2024-01-26,,,E-432,book,,,,,,,,"This book is a dark green with black embossing on the cover. It portrays a harp,griffins,flowers and butterflies. 227 pages",,,Worthington Co,,NY,,,,,,,,,,,,,,,,,,,,,,,Tour of the World in 80 days,,,,,,,,,,,,0,0,0,0,0,,,,,,,,,,,,,,2024-01-26T16:02:32,Unknown,,false,,DB0A22BC-3058-42A3-BF3B-224533830255
,0,,,revised edition,E-422,King Arther and His Knoghts,muecke,2024-01-26,,,,,,,,0,Thomas Bulfinch editied by Rev. J. Loughran Scott,,0,0,,1900,,,0,,,0,,,,,,,,,,,065\E422.JPG                                                ,2,,,,,,0,,,,,,0,0,,,,,,0,,,,,,,0,,2024-01-26,,,E-422,book,,,,,,,,,,,"David McKay,",,philadelphia,,,,,,,,,,,,,,,,,,,,,,, Builfinchs Age of Chilvary,or King Arthur and his Knights,,,,,,,,,,,0,0,0,0,0,,,,,,,,,,,,,,2024-01-26T16:07:01,Unknown,,false,,B2CE0532-D6AD-4F94-83A6-128545495210
,0,,,,E-347,The Ministers Wooing,muecke,2024-01-26,,,,,,,,0,Harriet Beecher Stowe,,0,0,,,,,0,,,0,,,,,,,,,,,065\E347.JPG                                                ,3,,,,,,0,,,,,,0,0,,,,,,0,,,,,,,0,,2024-01-26,,,E-347,book,,,,,,,,378 pagesin a tan book with a beaytiful scene attached to the cover in paper.,,,B.W. Conkey,,,,,,,,,,,,,,,,,,,,,,,,,Minister's Wooing,,,,,,,,,,,,0,0,0,0,0,,,,,,,,,,,,,,2024-01-26T16:10:52,Unknown,,false,,BECF7934-DE57-41E9-B48F-198886307192
